City,Avg_Sentiment_Score
Agra,5.869447368421053
Goa,6.443821428571428
Jaipur,5.776410714285714
Kerala,6.424272727272728
Manali,5.448735294117647
